{
    "name": "air-filtering-patched",
    "version": "0.6.16",
    "factorio_version": "0.16",
    "title": "Air Filtering Advanced",
    "author": "blackmaster1313 [Original mod by Schorty]",
	"homepage": "https://mods.factorio.com/mods/blackmaster1313/air-filtering-patched",
	"dependencies": ["base >= 0.16.0", "? bobplates >= 0.16.0", "? bobelectronics >=0.16.0"],
    "description": "Add machines that use craftable and refurbishable filters (and electricity) to clear pollution"
}



