{
    "name": "5dim_infiniteresearch",
    "version": "0.16.7",
    "factorio_version": "0.16",
    "title": "5Dim's mod - Infinite Research",
    "author": "5Dim",
    "contact": "mcguten.videos@gmail.com",
    "homepage": "https://mods.factorio.com/mods",
    "description": "Infinite researchs for 5dim's mod -> Make a lot of tech infinite (braking, all speed ammo, crafting speed, logistics slots, stack of construction robots, inserter stack, research speed and logistic trash slots)",
    "dependencies": ["5dim_core >= 0.16.8"]
}
