{
  "name": "aai-locales",
  "version": "1.1.9",
  "title": "AAI Locales [Addon]",
  "author": "Earendel, Xagros, aspd199, mumu1000, gamestrust, maurojunior2011, berkut2123, MrMirmur, Sharaj",
  "contact": "rlgh0925@naver.com",
  "homepage": "http://tyrantk.tistory.com/",
  "factorio_version": "0.16",
  "date": "2018-06-14",
  "description": "Adds translations for AAI mods.(Locales list : en, fr, it, ko, pt-BR, ru, zh-CN) If you can help me translate in another language, please contact me. Discussion and E-mail.",
  "dependencies": ["base",  
					"? aai-industry >= 0.2.3", 
					"? aai-programmable-structures >= 0.4.2", 
					"? aai-programmable-vehicles >= 0.4.4", 
					"? aai-signals >= 0.3.1", 
					"? aai-vehicles-chaingunner >= 0.3.1", 
					"? aai-vehicles-flame-tank >= 0.2.1", 
					"? aai-vehicles-flame-tumbler >= 0.3.1", 
					"? aai-vehicles-hauler >= 0.3.1", 
					"? aai-vehicles-laser-tank >= 0.3.1", 
					"? aai-vehicles-miner >= 0.3.3", 
					"? aai-vehicles-warden >= 0.2.1", 
					"? aai-zones >= 0.3.4"]
}